,CPIAUCSL,CPILFESL,FF,TB3MS,GS10,INDPRO,UNRATE,DPCERA3M086SBEA,AHETPI,WTISPLC
1974-01-01,46.8,46.9,9.47,7.77,6.99,45.6298,5.1,32.171,4.27,10.11
1974-02-01,47.3,47.2,8.81,7.12,6.96,45.4951,5.2,31.985,4.29,10.11
1974-03-01,47.8,47.6,9.61,7.96,7.21,45.4952,5.1,32.035,4.32,10.11
1974-04-01,48.1,47.9,10.78,8.33,7.51,45.3625,5.1,32.142,4.33,10.11
1974-05-01,48.6,48.5,11.54,8.23,7.58,45.7241,5.1,32.236,4.4,10.11
1974-06-01,49.0,49.0,11.97,7.9,7.54,45.639,5.4,32.159,4.44,10.11
1974-07-01,49.3,49.5,12.29,7.55,7.81,45.7193,5.5,32.265,4.45,10.11
1974-08-01,49.9,50.2,11.84,8.96,8.04,45.2357,5.5,32.507,4.49,10.11
1974-09-01,50.6,50.7,11.12,8.06,8.04,45.2421,5.9,32.181,4.53,10.11
1974-10-01,51.0,51.2,9.72,7.46,7.9,45.1011,6.0,32.092,4.56,11.16
1974-11-01,51.5,51.6,9.46,7.47,7.68,43.6158,6.6,31.753,4.57,11.16
1974-12-01,51.9,52.0,8.45,7.15,7.43,42.0553,7.2,31.691,4.6,11.16
1975-01-01,52.3,52.3,6.99,6.26,7.5,41.475,8.1,31.95,4.61,11.16
1975-02-01,52.6,52.8,6.15,5.5,7.39,40.529,8.1,32.228,4.64,11.16
1975-03-01,52.8,53.0,5.53,5.49,7.73,40.0796,8.6,32.159,4.67,11.16
1975-04-01,53.0,53.3,5.71,5.61,8.23,40.1527,8.8,32.196,4.67,11.16
1975-05-01,53.1,53.5,5.14,5.23,8.06,40.0399,9.0,32.839,4.69,11.16
1975-06-01,53.5,53.8,5.72,5.34,7.86,40.2987,8.8,32.887,4.72,11.16
1975-07-01,54.0,54.0,6.25,6.13,8.06,40.7094,8.6,33.02,4.74,11.16
1975-08-01,54.2,54.2,6.23,6.44,8.4,41.1098,8.4,33.104,4.78,11.16
1975-09-01,54.6,54.5,6.29,6.42,8.43,41.638,8.4,33.189,4.79,11.16
1975-10-01,54.9,54.8,5.65,5.96,8.14,41.8171,8.4,33.186,4.82,11.16
1975-11-01,55.3,55.2,5.28,5.48,8.05,41.8764,8.3,33.438,4.86,11.16
1975-12-01,55.6,55.5,5.18,5.44,8.0,42.4484,8.2,33.757,4.87,11.16
1976-01-01,55.8,55.9,4.8,4.87,7.74,43.0149,7.9,34.092,4.9,11.16
1976-02-01,55.9,56.2,4.8,4.88,7.79,43.4515,7.7,34.064,4.93,12.03
1976-03-01,56.0,56.5,4.84,5.0,7.73,43.5359,7.6,34.233,4.95,12.1
1976-04-01,56.1,56.7,4.93,4.86,7.56,43.7593,7.7,34.478,4.98,12.17
1976-05-01,56.4,57.0,5.5,5.2,7.9,43.9359,7.4,34.23,5.01,12.17
1976-06-01,56.7,57.2,5.58,5.41,7.86,43.9918,7.6,34.622,5.03,12.17
1976-07-01,57.0,57.6,5.28,5.23,7.83,44.2254,7.8,34.722,5.06,12.17
1976-08-01,57.3,57.9,5.28,5.14,7.77,44.5365,7.8,34.783,5.11,12.17
1976-09-01,57.6,58.2,5.32,5.08,7.59,44.6775,7.6,34.913,5.14,13.9
1976-10-01,57.9,58.5,4.99,4.92,7.41,44.6695,7.7,34.967,5.16,13.9
1976-11-01,58.1,58.7,4.9,4.75,7.29,45.354,7.8,35.169,5.21,13.9
1976-12-01,58.4,58.9,4.66,4.35,6.87,45.8357,7.8,35.636,5.23,13.9
1977-01-01,58.7,59.3,4.72,4.62,7.21,45.5276,7.5,35.533,5.26,13.9
1977-02-01,59.3,59.7,4.74,4.67,7.39,46.2567,7.6,35.731,5.3,13.9
1977-03-01,59.6,60.0,4.74,4.6,7.46,46.8356,7.4,35.755,5.32,13.9
1977-04-01,60.0,60.3,4.82,4.54,7.37,47.2898,7.2,35.805,5.36,13.9
1977-05-01,60.2,60.6,5.45,4.96,7.46,47.6607,7.0,35.904,5.4,13.9
1977-06-01,60.5,61.0,5.43,5.02,7.28,48.0196,7.2,35.891,5.42,13.9
1977-07-01,60.8,61.2,5.45,5.19,7.33,48.0819,6.9,36.182,5.46,13.9
1977-08-01,61.1,61.5,6.02,5.49,7.4,48.1315,7.0,36.161,5.48,14.85
1977-09-01,61.3,61.8,6.35,5.81,7.34,48.3308,6.8,36.274,5.51,14.85
1977-10-01,61.6,62.0,6.49,6.16,7.52,48.4014,6.8,36.577,5.55,14.85
1977-11-01,62.0,62.3,6.55,6.1,7.58,48.4924,6.8,36.8,5.58,14.85
1977-12-01,62.3,62.7,6.65,6.07,7.69,48.564,6.4,36.873,5.61,14.85
1978-01-01,62.7,63.1,6.72,6.44,7.96,47.8693,6.4,36.479,5.66,14.85
1978-02-01,63.0,63.4,6.78,6.45,8.03,48.1283,6.3,37.011,5.69,14.85
1978-03-01,63.4,63.8,6.82,6.29,8.04,49.0553,6.3,37.38,5.73,14.85
1978-04-01,63.9,64.3,7.0,6.29,8.15,50.026,6.1,37.606,5.79,14.85
1978-05-01,64.5,64.7,7.36,6.41,8.35,50.2717,6.0,37.755,5.82,14.85
1978-06-01,65.0,65.2,7.78,6.73,8.46,50.5939,5.9,37.879,5.86,14.85
1978-07-01,65.5,65.6,7.88,7.01,8.64,50.5499,6.2,37.699,5.9,14.85
1978-08-01,65.9,66.1,8.28,7.08,8.41,50.7622,5.9,38.039,5.92,14.85
1978-09-01,66.5,66.7,8.62,7.85,8.42,50.8856,6.0,37.978,5.97,14.85
1978-10-01,67.1,67.2,9.24,7.99,8.64,51.2821,5.8,38.042,6.02,14.85
1978-11-01,67.5,67.6,9.85,8.64,8.81,51.6737,5.9,38.18,6.05,14.85
1978-12-01,67.9,68.0,10.25,9.08,9.01,51.9404,6.0,38.41,6.1,14.85
1979-01-01,68.5,68.5,10.12,9.35,9.1,51.6507,5.9,38.272,6.13,14.85
1979-02-01,69.2,69.2,10.06,9.32,9.1,51.9097,5.9,38.459,6.18,15.85
1979-03-01,69.9,69.8,10.0,9.48,9.12,52.0667,5.8,38.496,6.22,15.85
1979-04-01,70.6,70.3,10.09,9.46,9.18,51.4548,5.8,38.279,6.21,15.85
1979-05-01,71.4,70.8,10.28,9.61,9.25,51.9061,5.6,38.387,6.27,18.1
1979-06-01,72.2,71.3,10.32,9.06,8.91,51.9067,5.7,38.486,6.32,19.1
1979-07-01,73.0,71.9,10.63,9.24,8.95,51.8258,5.7,38.448,6.36,21.75
1979-08-01,73.7,72.7,11.16,9.52,9.03,51.49,6.0,38.864,6.4,26.5
1979-09-01,74.4,73.3,11.61,10.26,9.33,51.4847,5.9,38.96,6.45,28.5
1979-10-01,75.2,74.0,15.61,11.7,10.3,51.8421,6.0,38.827,6.46,29.0
1979-11-01,76.0,74.8,12.46,11.79,10.65,51.7591,5.9,38.926,6.51,31.0
1979-12-01,76.9,75.7,13.49,12.04,10.39,51.7974,6.0,38.809,6.56,32.5
1980-01-01,78.0,76.7,13.54,12.0,10.8,52.0677,6.3,39.122,6.57,32.5
1980-02-01,79.0,77.5,14.62,12.86,12.41,52.0899,6.3,38.795,6.63,37.0
1980-03-01,80.1,78.6,17.78,15.2,12.75,51.8687,6.3,38.479,6.69,38.0
1980-04-01,80.9,79.5,15.12,13.2,11.47,50.8454,6.9,37.989,6.72,39.5
1980-05-01,81.7,80.1,9.46,8.58,10.18,49.5947,7.5,37.804,6.76,39.5
1980-06-01,82.5,81.0,9.08,7.07,9.78,48.9621,7.6,37.981,6.82,39.5
1980-07-01,82.6,80.8,8.98,8.06,10.25,48.609,7.8,38.308,6.86,39.5
1980-08-01,83.2,81.3,10.03,9.13,11.1,48.7646,7.7,38.353,6.91,38.0
1980-09-01,83.9,82.1,10.85,10.27,11.51,49.5764,7.5,38.361,6.95,36.0
1980-10-01,84.7,83.0,13.17,11.62,11.75,50.2058,7.5,38.839,7.02,36.0
1980-11-01,85.6,83.9,17.43,13.73,12.68,51.0418,7.5,38.731,7.09,36.0
1980-12-01,86.4,84.9,18.45,15.49,12.84,51.3906,7.2,39.006,7.13,37.0
1981-01-01,87.2,85.4,18.12,15.02,12.57,51.0656,7.5,39.016,7.18,38.0
1981-02-01,88.0,85.9,14.96,14.79,13.19,50.8554,7.4,38.918,7.23,38.0
1981-03-01,88.6,86.4,13.48,13.36,13.12,51.1107,7.4,39.032,7.29,38.0
1981-04-01,89.1,87.0,16.28,13.69,13.68,50.8864,7.2,38.892,7.33,38.0
1981-05-01,89.7,87.8,18.71,16.3,14.1,51.1788,7.5,38.91,7.37,38.0
1981-06-01,90.5,88.6,19.2,14.73,13.47,51.4496,7.5,39.174,7.41,36.0
1981-07-01,91.5,89.8,18.54,14.95,14.28,51.7764,7.2,39.093,7.45,36.0
1981-08-01,92.2,90.7,17.41,15.51,14.94,51.7129,7.4,39.341,7.52,36.0
1981-09-01,93.1,91.8,15.0,14.7,15.32,51.4605,7.6,39.082,7.56,36.0
1981-10-01,93.4,92.1,14.87,13.54,15.15,51.0625,7.9,38.874,7.59,35.0
1981-11-01,93.8,92.5,12.42,10.86,13.39,50.473,8.3,38.8,7.63,36.0
1981-12-01,94.1,93.0,12.54,10.85,13.72,49.9364,8.5,39.038,7.64,35.0
1982-01-01,94.4,93.3,13.98,12.28,14.59,48.9114,8.6,38.969,7.72,33.85
1982-02-01,94.7,93.8,13.86,13.48,14.43,49.9102,8.9,39.323,7.72,31.56
1982-03-01,94.7,93.9,14.99,12.68,13.86,49.5691,9.0,39.279,7.75,28.48
1982-04-01,95.0,94.7,14.72,12.7,13.87,49.1146,9.3,39.302,7.77,33.45
1982-05-01,95.9,95.4,13.7,12.09,13.62,48.7805,9.4,39.421,7.84,35.93
1982-06-01,97.0,96.1,14.81,12.47,14.3,48.6606,9.6,39.207,7.85,35.07
1982-07-01,97.5,96.7,11.02,11.35,13.95,48.4863,9.8,39.436,7.9,34.16
1982-08-01,97.7,97.1,9.04,8.68,13.06,48.0569,9.8,39.465,7.94,33.95
1982-09-01,97.7,97.2,10.12,7.92,12.34,47.9303,10.1,39.82,7.94,35.63
1982-10-01,98.1,97.5,9.44,7.71,10.91,47.4738,10.4,39.995,7.96,35.68
1982-11-01,98.0,97.3,8.91,8.07,10.55,47.32,10.8,40.317,7.98,34.15
1982-12-01,97.7,97.2,8.79,7.94,10.54,46.9813,10.8,40.488,8.01,31.72
1983-01-01,97.9,97.6,8.44,7.86,10.46,47.8523,10.4,40.53,8.06,31.19
1983-02-01,98.0,98.0,8.47,8.11,10.72,47.5667,10.4,40.519,8.09,28.95
1983-03-01,98.1,98.2,8.88,8.35,10.51,47.9599,10.3,40.946,8.1,28.82
1983-04-01,98.8,98.6,8.58,8.21,10.4,48.5564,10.2,41.197,8.13,30.61
1983-05-01,99.2,98.9,8.72,8.19,10.38,48.8647,10.1,41.441,8.17,30.0
1983-06-01,99.4,99.2,8.9,8.79,10.85,49.1558,10.1,41.841,8.19,31.0
1983-07-01,99.8,99.8,9.46,9.08,11.38,49.8873,9.4,42.125,8.22,31.66
1983-08-01,100.1,100.1,9.44,9.34,11.85,50.4843,9.5,42.236,8.2,31.91
1983-09-01,100.4,100.5,9.04,9.0,11.65,51.216,9.2,42.35,8.27,31.11
1983-10-01,100.8,101.0,9.36,8.64,11.54,51.6139,8.8,42.689,8.31,30.41
1983-11-01,101.1,101.5,9.27,8.76,11.69,51.842,8.5,42.785,8.31,29.84
1983-12-01,101.4,101.8,8.96,9.0,11.83,52.0948,8.3,43.255,8.33,29.24
1984-01-01,102.1,102.5,9.53,8.9,11.67,53.1348,8.0,43.53,8.38,29.69
1984-02-01,102.6,102.8,9.62,9.09,11.84,53.3763,7.8,42.955,8.38,30.145
1984-03-01,102.9,103.2,9.97,9.52,12.32,53.6314,7.8,43.313,8.41,30.761
1984-04-01,103.3,103.7,9.98,9.69,12.63,53.9491,7.7,43.61,8.45,30.618
1984-05-01,103.5,104.1,10.3,9.83,13.41,54.2396,7.4,43.856,8.45,30.52
1984-06-01,103.7,104.5,11.27,9.87,13.56,54.4288,7.2,44.151,8.48,29.967
1984-07-01,104.1,105.0,11.19,10.12,13.36,54.5865,7.5,43.975,8.51,28.752
1984-08-01,104.4,105.4,11.5,10.47,12.72,54.653,7.5,44.149,8.51,29.25
1984-09-01,104.7,105.8,10.73,10.37,12.52,54.4949,7.3,44.468,8.55,29.311
1984-10-01,105.1,106.2,9.73,9.74,12.16,54.4772,7.4,44.321,8.55,28.765
1984-11-01,105.3,106.4,9.0,8.61,11.57,54.6594,7.2,44.96,8.57,28.098
1984-12-01,105.5,106.8,7.95,8.06,11.5,54.6892,7.3,45.029,8.61,25.429
1985-01-01,105.7,107.1,8.45,7.76,11.38,54.6505,7.3,45.433,8.61,25.641
1985-02-01,106.3,107.7,8.4,8.27,11.51,54.8169,7.2,45.602,8.64,27.271
1985-03-01,106.8,108.1,8.38,8.52,11.86,54.8978,7.2,45.558,8.66,28.238
1985-04-01,107.0,108.4,7.69,7.95,11.43,54.7833,7.3,45.681,8.69,28.805
1985-05-01,107.2,108.8,7.6,7.48,10.85,54.8704,7.2,46.206,8.7,27.623
1985-06-01,107.5,109.1,7.46,6.95,10.16,54.8401,7.4,45.96,8.74,27.143
1985-07-01,107.7,109.4,7.64,7.08,10.31,54.5582,7.4,46.297,8.74,27.329
1985-08-01,107.9,109.8,7.78,7.14,10.33,54.7381,7.1,46.763,8.76,27.755
1985-09-01,108.1,110.0,7.96,7.1,10.37,54.9416,7.1,47.405,8.8,28.289
1985-10-01,108.5,110.5,7.89,7.16,10.24,54.7538,7.1,46.668,8.79,29.538
1985-11-01,109.0,111.1,7.71,7.24,9.78,54.939,7.0,46.791,8.81,30.813
1985-12-01,109.5,111.4,8.02,7.1,9.26,55.4945,7.0,47.309,8.87,27.228
1986-01-01,109.9,111.9,7.83,7.07,9.19,55.7802,6.7,47.357,8.85,22.945
1986-02-01,109.7,112.2,7.82,7.06,8.7,55.3994,7.2,47.24,8.88,15.442
1986-03-01,109.1,112.5,7.25,6.56,7.78,55.0001,7.2,47.401,8.89,12.618
1986-04-01,108.7,112.9,6.88,6.06,7.3,55.0641,7.1,47.693,8.88,12.847
1986-05-01,109.0,113.1,6.85,6.15,7.71,55.1705,7.2,47.98,8.9,15.444
1986-06-01,109.4,113.4,6.86,6.21,7.8,54.9588,7.2,47.873,8.92,13.469
1986-07-01,109.5,113.8,6.32,5.83,7.3,55.2944,7.0,48.188,8.91,11.575
1986-08-01,109.6,114.2,5.87,5.53,7.17,55.2029,6.9,48.418,8.94,15.092
1986-09-01,110.0,114.6,5.81,5.21,7.45,55.3511,7.0,49.48,8.94,14.913
1986-10-01,110.2,115.0,5.86,5.18,7.43,55.5857,7.0,48.744,8.96,14.852
1986-11-01,110.4,115.3,6.0,5.35,7.25,55.803,6.9,48.582,9.01,15.207
1986-12-01,110.8,115.6,9.2,5.53,7.11,56.3441,6.6,49.655,9.01,16.076
1987-01-01,111.4,115.9,6.13,5.43,7.08,56.1259,6.6,48.41,9.02,18.656
1987-02-01,111.8,116.2,5.95,5.59,7.25,56.8779,6.6,49.329,9.05,17.726
1987-03-01,112.2,116.6,6.14,5.59,7.25,56.9516,6.6,49.389,9.07,18.305
1987-04-01,112.7,117.3,6.5,5.64,8.02,57.3177,6.3,49.622,9.08,18.643
1987-05-01,113.0,117.7,6.8,5.66,8.61,57.6774,6.3,49.653,9.11,19.415
1987-06-01,113.5,117.9,6.79,5.67,8.4,57.9875,6.2,49.86,9.11,20.034
1987-07-01,113.8,118.3,6.63,5.69,8.45,58.379,6.1,50.102,9.12,21.355
1987-08-01,114.3,118.7,6.76,6.04,8.76,58.8171,6.0,50.486,9.18,20.274
1987-09-01,114.7,119.2,7.56,6.4,9.42,59.0391,5.9,50.249,9.19,19.526
1987-10-01,115.0,119.8,7.03,6.13,9.52,59.834,6.0,50.218,9.22,19.848
1987-11-01,115.4,120.1,6.78,5.69,8.86,60.1367,5.8,50.277,9.27,18.92
1987-12-01,115.6,120.4,6.81,5.77,8.99,60.4739,5.7,50.661,9.28,17.241
1988-01-01,116.0,120.9,6.66,5.81,8.67,60.4594,5.7,51.096,9.29,17.16
1988-02-01,116.2,121.2,6.64,5.66,8.21,60.7643,5.7,51.143,9.29,16.765
1988-03-01,116.5,121.7,6.62,5.7,8.37,60.8948,5.7,51.587,9.31,16.217
1988-04-01,117.2,122.3,6.85,5.91,8.72,61.2475,5.4,51.376,9.36,17.875
1988-05-01,117.5,122.7,7.14,6.26,9.09,61.1353,5.6,51.709,9.41,17.438
1988-06-01,118.0,123.2,7.63,6.46,8.92,61.2995,5.4,51.878,9.41,16.53
1988-07-01,118.5,123.6,7.8,6.73,9.06,61.311,5.4,52.003,9.45,15.498
1988-08-01,119.0,124.0,8.15,7.06,9.26,61.6234,5.6,52.241,9.46,15.524
1988-09-01,119.5,124.7,8.24,7.24,8.98,61.4255,5.4,52.096,9.51,14.467
1988-10-01,119.9,125.2,8.29,7.35,8.8,61.694,5.4,52.522,9.56,13.798
1988-11-01,120.3,125.6,8.44,7.76,8.96,61.8494,5.3,52.654,9.58,13.977
1988-12-01,120.7,126.0,8.86,8.07,9.11,62.1171,5.3,52.941,9.6,16.266
1989-01-01,121.2,126.5,9.06,8.27,9.09,62.3103,5.4,53.036,9.65,17.983
1989-02-01,121.6,126.9,9.39,8.53,9.17,62.0353,5.2,52.924,9.68,17.826
1989-03-01,122.2,127.4,9.88,8.82,9.36,62.195,5.0,52.89,9.7,19.445
1989-04-01,123.1,127.8,9.86,8.65,9.18,62.1753,5.2,53.204,9.75,21.04
1989-05-01,123.7,128.3,9.84,8.43,8.86,61.8321,5.2,53.142,9.74,20.032
1989-06-01,124.1,128.8,9.58,8.15,8.28,61.8246,5.3,53.246,9.77,20.005
1989-07-01,124.5,129.2,9.14,7.88,8.02,61.2285,5.2,53.404,9.83,19.644
1989-08-01,124.5,129.5,8.96,7.9,8.11,61.8334,5.2,53.917,9.83,18.522
1989-09-01,124.8,129.9,9.02,7.75,8.19,61.6221,5.3,53.816,9.87,19.594
1989-10-01,125.4,130.6,8.72,7.64,8.01,61.5537,5.3,53.78,9.92,20.091
1989-11-01,125.9,131.1,8.51,7.69,7.87,61.7575,5.4,53.806,9.93,19.82
1989-12-01,126.3,131.6,8.38,7.63,7.84,62.1111,5.4,54.252,9.98,21.088
1990-01-01,127.5,132.1,8.24,7.64,8.21,61.7781,5.4,54.523,10.02,22.641
1990-02-01,128.0,132.7,8.27,7.74,8.47,62.3426,5.3,54.247,10.07,22.108
1990-03-01,128.6,133.5,8.26,7.9,8.59,62.6446,5.2,54.43,10.11,20.418
1990-04-01,128.9,134.0,8.24,7.77,8.79,62.5104,5.4,54.534,10.12,18.582
1990-05-01,129.1,134.4,8.19,7.74,8.76,62.6898,5.4,54.495,10.16,18.237
1990-06-01,129.9,135.1,8.28,7.73,8.48,62.8923,5.2,54.668,10.2,16.871
1990-07-01,130.5,135.8,8.05,7.62,8.47,62.7933,5.5,54.779,10.22,18.638
1990-08-01,131.6,136.6,8.08,7.45,8.75,63.0241,5.7,54.796,10.24,27.174
1990-09-01,132.5,137.1,8.26,7.36,8.89,63.0328,5.9,54.77,10.28,33.687
1990-10-01,133.4,137.6,8.17,7.17,8.72,62.6466,5.9,54.465,10.3,35.922
1990-11-01,133.7,138.0,7.56,7.06,8.39,61.8681,6.2,54.414,10.32,32.3
1990-12-01,134.2,138.6,7.16,6.74,8.08,61.4345,6.3,54.216,10.34,27.337
1991-01-01,134.7,139.5,7.46,6.22,8.09,61.2241,6.4,53.727,10.38,24.959
1991-02-01,134.8,140.2,6.31,5.94,7.85,60.779,6.6,54.059,10.39,20.523
1991-03-01,134.8,140.5,6.1,5.91,8.11,60.4377,6.8,54.695,10.41,19.86
1991-04-01,135.1,140.9,5.92,5.65,8.04,60.5982,6.7,54.514,10.46,20.823
1991-05-01,135.6,141.3,5.72,5.46,8.07,61.2041,6.9,54.652,10.49,21.24
1991-06-01,136.0,141.8,5.79,5.57,8.28,61.6923,6.9,54.662,10.51,20.195
1991-07-01,136.2,142.3,5.79,5.58,8.27,61.8569,6.8,54.929,10.54,21.42
1991-08-01,136.6,142.9,5.58,5.33,7.9,61.8681,6.9,54.845,10.56,21.688
1991-09-01,137.0,143.4,5.29,5.22,7.65,62.3855,6.9,54.871,10.58,21.857
1991-10-01,137.2,143.7,5.1,4.99,7.53,62.3229,7.0,54.65,10.59,23.228
1991-11-01,137.8,144.2,4.68,4.56,7.42,62.2427,7.0,54.909,10.61,22.465
1991-12-01,138.2,144.7,4.22,4.07,7.09,61.9705,7.3,55.003,10.64,19.517
1992-01-01,138.3,145.1,4.01,3.8,7.03,61.6471,7.3,55.805,10.64,18.82
1992-02-01,138.6,145.4,3.96,3.84,7.34,62.0794,7.4,55.868,10.67,18.995
1992-03-01,139.1,145.9,3.94,4.04,7.54,62.5955,7.4,55.97,10.69,18.916
1992-04-01,139.4,146.3,3.65,3.75,7.48,63.0726,7.4,56.017,10.72,20.243
1992-05-01,139.7,146.8,3.8,3.63,7.39,63.2761,7.6,56.306,10.74,20.94
1992-06-01,140.1,147.1,3.72,3.66,7.26,63.3102,7.8,56.458,10.77,22.375
1992-07-01,140.5,147.6,3.18,3.21,6.84,63.8769,7.7,56.647,10.79,21.759
1992-08-01,140.8,147.9,3.27,3.13,6.59,63.5221,7.6,56.787,10.81,21.35
1992-09-01,141.1,148.1,3.41,2.91,6.42,63.7217,7.6,57.157,10.82,21.902
1992-10-01,141.7,148.8,2.96,2.86,6.59,64.1556,7.3,57.35,10.85,21.688
1992-11-01,142.1,149.2,3.1,3.13,6.87,64.4144,7.4,57.448,10.87,20.342
1992-12-01,142.3,149.6,2.86,3.22,6.77,64.5161,7.4,57.826,10.89,19.407
1993-01-01,142.8,150.1,2.94,3.0,6.6,64.7738,7.3,57.743,10.93,19.075
1993-02-01,143.1,150.6,2.91,2.93,6.26,65.0805,7.1,57.85,10.95,20.053
1993-03-01,143.3,150.8,3.18,2.95,5.98,65.0176,7.0,57.694,10.99,20.347
1993-04-01,143.8,151.4,2.87,2.87,5.97,65.2041,7.1,58.082,10.99,20.27
1993-05-01,144.2,151.8,3.07,2.96,6.04,64.9433,7.1,58.284,11.01,19.94
1993-06-01,144.3,152.1,3.13,3.07,5.96,65.0984,7.0,58.496,11.03,19.07
1993-07-01,144.5,152.3,3.03,3.04,5.81,65.2554,6.9,58.784,11.05,17.866
1993-08-01,144.8,152.8,2.98,3.02,5.68,65.1946,6.8,58.843,11.07,18.009
1993-09-01,145.0,152.9,3.05,2.95,5.36,65.5282,6.7,59.181,11.1,17.514
1993-10-01,145.6,153.4,2.97,3.02,5.33,66.0152,6.8,59.273,11.13,18.145
1993-11-01,146.0,153.9,2.98,3.1,5.72,66.3292,6.6,59.439,11.15,16.699
1993-12-01,146.3,154.3,2.99,3.06,5.77,66.7038,6.5,59.648,11.18,14.51
1994-01-01,146.3,154.5,2.97,2.98,5.75,66.9164,6.6,59.811,11.2,15.0
1994-02-01,146.7,154.8,3.25,3.25,5.97,66.9642,6.6,60.291,11.25,14.78
1994-03-01,147.1,155.3,3.49,3.5,6.48,67.6335,6.5,60.298,11.25,14.66
1994-04-01,147.2,155.5,3.59,3.68,6.97,68.0334,6.4,60.553,11.27,16.38
1994-05-01,147.5,155.9,4.22,4.14,7.18,68.3531,6.1,60.445,11.29,17.88
1994-06-01,147.9,156.4,4.19,4.14,7.1,68.8002,6.1,60.806,11.31,19.07
1994-07-01,148.4,156.7,4.28,4.33,7.3,68.8863,6.1,60.766,11.34,19.65
1994-08-01,149.0,157.1,4.72,4.48,7.24,69.3412,6.0,61.166,11.36,18.38
1994-09-01,149.3,157.5,4.66,4.62,7.46,69.5574,5.9,61.258,11.39,17.46
1994-10-01,149.4,157.8,4.72,4.95,7.74,70.119,5.8,61.639,11.43,17.71
1994-11-01,149.8,158.2,5.85,5.29,7.96,70.5942,5.6,61.684,11.45,18.1
1994-12-01,150.1,158.3,5.45,5.6,7.81,71.2814,5.5,61.848,11.47,17.16
1995-01-01,150.5,159.0,5.42,5.71,7.78,71.4303,5.6,61.845,11.48,17.99
1995-02-01,150.9,159.4,5.94,5.77,7.47,71.3343,5.4,61.73,11.53,18.53
1995-03-01,151.2,159.9,6.06,5.73,7.2,71.4451,5.4,62.056,11.55,18.55
1995-04-01,151.8,160.4,5.99,5.65,7.06,71.3289,5.8,61.955,11.56,19.87
1995-05-01,152.1,160.7,6.02,5.67,6.63,71.66,5.6,62.402,11.59,19.74
1995-06-01,152.4,161.1,5.95,5.47,6.17,71.8967,5.6,62.902,11.63,18.42
1995-07-01,152.6,161.4,5.75,5.42,6.28,71.5924,5.7,62.731,11.67,17.3
1995-08-01,152.9,161.8,5.71,5.4,6.49,72.5339,5.7,63.039,11.69,18.03
1995-09-01,153.1,162.2,5.8,5.28,6.2,72.8247,5.6,63.186,11.73,18.23
1995-10-01,153.5,162.7,5.76,5.28,6.04,72.713,5.5,62.94,11.75,17.44
1995-11-01,153.7,163.0,5.91,5.36,5.93,72.8884,5.6,63.465,11.78,17.99
1995-12-01,153.9,163.1,5.48,5.14,5.71,73.1429,5.6,63.869,11.81,19.04
1996-01-01,154.7,163.7,5.53,5.0,5.65,72.7471,5.6,63.581,11.86,18.88
1996-02-01,155.0,164.0,5.31,4.83,5.81,73.7871,5.5,64.069,11.87,19.07
1996-03-01,155.5,164.4,5.22,4.96,6.27,73.6749,5.5,64.379,11.89,21.36
1996-04-01,156.1,164.6,5.24,4.95,6.51,74.4153,5.6,64.617,11.95,23.57
1996-05-01,156.4,165.0,5.19,5.02,6.74,74.9718,5.6,64.701,11.97,21.25
1996-06-01,156.7,165.4,5.21,5.09,6.91,75.5317,5.3,64.777,12.03,20.45
1996-07-01,157.0,165.7,5.53,5.15,6.87,75.5323,5.5,64.913,12.05,21.32
1996-08-01,157.2,166.0,5.21,5.05,6.64,75.9129,5.1,65.137,12.09,21.96
1996-09-01,157.7,166.5,5.34,5.09,6.83,76.4032,5.2,65.219,12.13,23.99
1996-10-01,158.2,166.8,5.27,4.99,6.53,76.3931,5.2,65.413,12.15,24.9
1996-11-01,158.7,167.2,5.3,5.03,6.2,77.0672,5.4,65.576,12.2,23.71
1996-12-01,159.1,167.4,5.18,4.91,6.3,77.5543,5.4,65.836,12.24,25.39
1997-01-01,159.4,167.8,5.18,5.03,6.58,77.6945,5.3,66.148,12.29,25.17
1997-02-01,159.7,168.1,5.16,5.01,6.42,78.612,5.2,66.287,12.31,22.21
1997-03-01,159.8,168.4,5.4,5.14,6.69,79.1021,5.2,66.465,12.36,20.99
1997-04-01,159.9,168.9,5.61,5.16,6.89,79.1683,5.1,66.461,12.39,19.72
1997-05-01,159.9,169.2,5.43,5.05,6.71,79.6084,4.9,66.503,12.43,20.83
1997-06-01,160.2,169.4,5.42,4.93,6.49,79.9802,5.0,66.831,12.46,19.17
1997-07-01,160.4,169.7,5.57,5.05,6.22,80.6492,4.9,67.455,12.5,19.63
1997-08-01,160.8,169.8,5.56,5.14,6.3,81.4548,4.8,67.865,12.57,19.93
1997-09-01,161.2,170.2,5.45,4.95,6.21,82.212,4.9,67.879,12.6,19.79
1997-10-01,161.5,170.6,5.5,4.97,6.03,82.9309,4.7,68.226,12.66,21.26
1997-11-01,161.7,170.8,5.49,5.14,5.88,83.5919,4.6,68.506,12.71,20.17
1997-12-01,161.8,171.2,5.45,5.16,5.81,83.9696,4.7,68.896,12.75,18.32
1998-01-01,162.0,171.6,5.53,5.04,5.54,84.3467,4.6,68.835,12.79,16.71
1998-02-01,162.0,171.9,5.51,5.09,5.57,84.4865,4.6,69.282,12.83,16.06
1998-03-01,162.0,172.2,5.43,5.03,5.65,84.5212,4.7,69.591,12.87,15.02
1998-04-01,162.2,172.5,5.4,4.95,5.64,84.8275,4.3,69.962,12.92,15.44
1998-05-01,162.6,172.9,5.45,5.0,5.65,85.3596,4.4,70.468,12.97,14.86
1998-06-01,162.8,173.2,5.42,4.98,5.5,84.8466,4.5,70.936,12.99,13.66
1998-07-01,163.2,173.5,5.54,4.96,5.46,84.5061,4.5,70.981,13.01,14.08
1998-08-01,163.4,174.0,5.48,4.9,5.34,86.2464,4.5,71.305,13.07,13.36
1998-09-01,163.5,174.2,5.58,4.61,4.81,86.1707,4.6,71.835,13.11,14.95
1998-10-01,163.9,174.4,4.95,3.96,4.53,86.7671,4.5,72.078,13.15,14.39
1998-11-01,164.1,174.8,4.54,4.41,4.83,86.6929,4.4,72.274,13.17,12.85
1998-12-01,164.4,175.4,4.48,4.39,4.65,87.0633,4.4,72.863,13.21,11.28
1999-01-01,164.7,175.6,4.66,4.34,4.72,87.4252,4.3,72.802,13.27,12.47
1999-02-01,164.7,175.6,4.75,4.44,5.0,87.926,4.4,73.147,13.3,12.01
1999-03-01,164.8,175.7,4.84,4.44,5.23,88.1101,4.2,73.497,13.33,14.66
1999-04-01,165.9,176.3,4.79,4.29,5.18,88.3106,4.3,73.937,13.38,17.34
1999-05-01,166.0,176.5,4.73,4.5,5.54,88.8487,4.2,74.278,13.42,17.75
1999-06-01,166.0,176.6,4.95,4.57,5.9,88.7978,4.3,74.591,13.47,17.89
1999-07-01,166.7,177.1,5.01,4.55,5.79,89.3119,4.3,74.718,13.51,20.07
1999-08-01,167.1,177.3,5.02,4.72,5.94,89.7109,4.2,75.108,13.53,21.26
1999-09-01,167.8,177.8,5.27,4.68,5.92,89.3331,4.2,75.485,13.61,23.88
1999-10-01,168.1,178.1,5.18,4.86,6.11,90.4924,4.1,75.651,13.64,22.64
1999-11-01,168.4,178.4,5.52,5.07,6.03,90.965,4.1,76.023,13.66,24.97
1999-12-01,168.8,178.7,5.01,5.2,6.28,91.6804,4.0,76.933,13.7,26.08
2000-01-01,169.3,179.3,5.43,5.32,6.66,91.6261,4.0,76.746,13.75,27.18
2000-02-01,170.0,179.4,5.72,5.55,6.52,91.9626,4.1,77.468,13.8,29.35
2000-03-01,171.0,180.0,6.01,5.69,6.26,92.3118,4.0,77.85,13.85,29.89
2000-04-01,170.9,180.3,5.97,5.66,5.99,92.8872,3.8,77.827,13.89,25.74
2000-05-01,171.2,180.7,6.53,5.79,6.44,93.162,4.0,78.118,13.94,28.78
2000-06-01,172.2,181.1,6.53,5.69,6.1,93.2168,4.0,78.285,13.99,31.83
2000-07-01,172.7,181.5,6.5,5.96,6.05,93.04,4.0,78.34,14.02,29.77
2000-08-01,172.7,181.9,6.54,6.09,5.83,92.79,4.1,78.742,14.06,31.22
2000-09-01,173.6,182.3,6.5,6.0,5.8,93.1547,3.9,79.393,14.12,33.88
2000-10-01,173.9,182.6,6.51,6.11,5.74,92.8361,3.9,79.344,14.17,33.08
2000-11-01,174.2,183.1,6.5,6.17,5.72,92.8395,3.9,79.416,14.23,34.4
2000-12-01,174.6,183.3,6.48,5.77,5.24,92.5334,3.9,79.78,14.28,28.46
2001-01-01,175.6,183.9,5.94,5.15,5.16,92.0304,4.2,79.797,14.29,29.58
2001-02-01,176.0,184.4,5.5,4.88,5.1,91.4079,4.2,79.838,14.36,29.61
2001-03-01,176.1,184.7,5.0,4.42,4.89,91.1751,4.3,79.771,14.42,27.24
2001-04-01,176.4,185.1,4.42,3.87,5.14,90.8767,4.4,79.718,14.45,27.41
2001-05-01,177.3,185.3,3.98,3.62,5.39,90.375,4.3,80.059,14.5,28.64
2001-06-01,177.7,186.0,3.91,3.49,5.28,89.8626,4.5,80.11,14.54,27.6
2001-07-01,177.4,186.4,3.81,3.51,5.24,89.3288,4.6,80.279,14.55,26.45
2001-08-01,177.4,186.7,3.52,3.36,4.97,89.2201,4.9,80.736,14.59,27.47
2001-09-01,178.1,187.1,2.99,2.64,4.73,88.7478,5.0,79.707,14.63,25.88
2001-10-01,177.6,187.4,2.55,2.16,4.57,88.4755,5.3,81.761,14.66,22.21
2001-11-01,177.5,188.1,1.95,1.87,4.65,87.9631,5.5,81.469,14.71,19.67
2001-12-01,177.4,188.4,1.77,1.69,5.09,87.9329,5.7,81.376,14.75,19.33
2002-01-01,177.7,188.7,1.78,1.65,5.04,88.5452,5.7,81.507,14.76,19.67
2002-02-01,178.0,189.1,1.75,1.72,4.91,88.5362,5.7,81.83,14.78,20.74
2002-03-01,178.5,189.2,1.7,1.79,5.28,89.2097,5.7,81.814,14.82,24.42
2002-04-01,179.3,189.7,1.7,1.71,5.21,89.6389,5.9,82.25,14.84,26.27
2002-05-01,179.5,190.0,1.78,1.73,5.16,90.0271,5.8,81.932,14.88,27.02
2002-06-01,179.6,190.2,1.75,1.7,4.93,90.7645,5.8,82.208,14.94,25.52
2002-07-01,180.0,190.5,1.72,1.68,4.65,90.7437,5.8,82.753,14.98,26.94
2002-08-01,180.5,191.1,1.76,1.62,4.26,90.6268,5.7,82.873,15.02,28.38
2002-09-01,180.8,191.3,1.72,1.63,3.87,90.7241,5.7,82.489,15.06,29.67
2002-10-01,181.2,191.5,1.79,1.58,3.94,90.4879,5.7,82.826,15.12,28.85
2002-11-01,181.5,191.9,1.27,1.23,4.05,90.9823,5.9,83.062,15.15,26.27
2002-12-01,181.8,192.1,1.23,1.19,4.03,90.4919,6.0,83.606,15.2,29.42
2003-01-01,182.6,192.4,1.24,1.17,4.05,91.2395,5.8,83.595,15.22,32.94
2003-02-01,183.6,192.5,1.24,1.17,3.9,91.3384,5.9,83.325,15.28,35.87
2003-03-01,183.9,192.5,1.22,1.13,3.81,91.069,5.9,83.804,15.27,33.55
2003-04-01,183.2,192.5,1.28,1.13,3.96,90.4913,6.0,84.2,15.28,28.25
2003-05-01,182.9,192.9,1.24,1.07,3.57,90.4697,6.1,84.471,15.33,28.14
2003-06-01,183.1,193.0,1.21,0.92,3.33,90.5899,6.3,84.923,15.36,30.72
2003-07-01,183.7,193.4,1.04,0.9,3.98,91.0614,6.2,85.307,15.4,30.76
2003-08-01,184.5,193.6,1.0,0.95,4.45,90.8452,6.1,86.062,15.42,31.59
2003-09-01,185.1,193.7,1.0,0.94,4.27,91.4453,6.1,85.811,15.41,28.29
2003-10-01,184.9,194.0,1.0,0.92,4.29,91.5595,6.0,85.95,15.43,30.33
2003-11-01,185.0,194.0,0.99,0.93,4.3,92.1763,5.8,86.444,15.47,31.09
2003-12-01,185.5,194.2,0.96,0.9,4.27,92.2532,5.7,86.557,15.47,32.15
2004-01-01,186.3,194.6,1.02,0.88,4.15,92.4067,5.7,86.839,15.51,34.27
2004-02-01,186.7,194.9,1.0,0.93,4.08,92.9687,5.6,87.015,15.53,34.74
2004-03-01,187.1,195.5,1.01,0.94,3.83,92.6,5.8,87.511,15.56,36.76
2004-04-01,187.4,195.9,1.0,0.94,4.35,92.9761,5.6,87.44,15.59,36.69
2004-05-01,188.2,196.2,0.99,1.02,4.72,93.6446,5.6,87.901,15.63,40.28
2004-06-01,188.9,196.6,1.11,1.27,4.73,92.9303,5.6,87.449,15.67,38.02
2004-07-01,189.1,196.8,1.26,1.33,4.5,93.6109,5.5,88.218,15.69,40.69
2004-08-01,189.2,196.9,1.51,1.48,4.28,93.6958,5.4,88.544,15.73,44.94
2004-09-01,189.8,197.5,1.76,1.65,4.13,93.7958,5.4,89.116,15.78,45.95
2004-10-01,190.8,197.9,1.74,1.76,4.1,94.6226,5.5,89.326,15.81,53.13
2004-11-01,191.7,198.3,2.0,2.07,4.19,94.8491,5.4,89.486,15.84,48.46
2004-12-01,191.7,198.6,2.27,2.19,4.23,95.5841,5.4,90.073,15.86,43.33
2005-01-01,191.6,199.0,2.27,2.33,4.22,95.9285,5.3,89.885,15.9,46.84
2005-02-01,192.4,199.4,2.52,2.54,4.17,96.6287,5.4,90.283,15.93,47.97
2005-03-01,193.1,200.1,2.77,2.74,4.5,96.4907,5.2,90.427,15.97,54.31
2005-04-01,193.7,200.2,2.74,2.78,4.34,96.6809,5.2,91.013,16.0,53.04
2005-05-01,193.6,200.5,3.01,2.84,4.14,96.7925,5.1,90.89,16.04,49.83
2005-06-01,193.7,200.6,3.11,2.97,4.0,97.19,5.0,91.689,16.08,56.26
2005-07-01,194.9,200.9,3.26,3.22,4.18,96.8981,5.0,92.348,16.15,58.7
2005-08-01,196.1,201.1,3.55,3.44,4.26,97.2223,4.9,91.938,16.17,64.97
2005-09-01,198.8,201.3,3.77,3.42,4.2,95.3463,5.0,91.577,16.19,65.57
2005-10-01,199.1,202.0,3.76,3.71,4.46,96.4981,5.0,91.823,16.28,62.37
2005-11-01,198.1,202.5,4.02,3.88,4.54,97.5646,5.0,92.094,16.3,58.3
2005-12-01,198.1,202.8,4.22,3.89,4.47,98.0222,4.9,92.454,16.35,59.43
2006-01-01,199.3,203.2,4.26,4.24,4.42,98.2044,4.7,92.934,16.42,65.51
2006-02-01,199.4,203.6,4.49,4.43,4.57,98.2404,4.8,93.128,16.48,61.63
2006-03-01,199.7,204.3,4.7,4.51,4.72,98.4742,4.7,93.323,16.54,62.9
2006-04-01,200.7,204.8,4.74,4.6,4.99,98.7765,4.7,93.49,16.63,69.69
2006-05-01,201.3,205.4,5.01,4.72,5.11,98.7884,4.6,93.646,16.65,70.94
2006-06-01,201.8,205.9,5.0,4.79,5.11,99.1069,4.6,93.697,16.72,70.96
2006-07-01,202.9,206.3,5.24,4.95,5.09,99.0357,4.7,94.227,16.77,74.41
2006-08-01,203.8,206.8,5.25,4.96,4.88,99.4583,4.7,93.914,16.82,73.05
2006-09-01,202.8,207.2,5.27,4.81,4.72,99.2544,4.5,94.496,16.87,63.87
2006-10-01,201.9,207.6,5.24,4.92,4.73,99.1514,4.4,94.905,16.93,58.88
2006-11-01,202.0,207.8,5.26,4.94,4.6,99.0974,4.5,94.939,16.97,59.37
2006-12-01,203.1,208.1,5.24,4.85,4.56,100.1117,4.4,95.489,17.04,62.03
2007-01-01,203.437,208.6,5.27,4.98,4.76,99.7226,4.6,95.678,17.09,54.57
2007-02-01,204.226,209.135,5.28,5.03,4.72,100.6919,4.5,95.654,17.15,59.26
2007-03-01,205.288,209.418,5.26,4.94,4.56,100.8857,4.4,95.761,17.22,60.56
2007-04-01,205.904,209.747,5.23,4.87,4.69,101.5777,4.5,95.853,17.27,63.97
2007-05-01,206.755,210.058,5.28,4.73,4.75,101.6481,4.4,95.994,17.33,63.46
2007-06-01,207.234,210.392,5.25,4.61,5.1,101.6741,4.6,95.998,17.42,67.48
2007-07-01,207.603,210.773,5.26,4.82,5.0,101.5627,4.7,96.291,17.46,74.18
2007-08-01,207.667,211.119,5.11,4.2,4.67,101.7751,4.6,96.697,17.5,72.39
2007-09-01,208.547,211.554,4.78,3.89,4.52,102.0279,4.7,96.778,17.56,79.93
2007-10-01,209.19,212.077,4.78,3.9,4.53,101.7289,4.7,96.855,17.58,86.2
2007-11-01,210.834,212.66,4.53,3.27,4.15,102.3185,4.7,97.057,17.63,94.62
2007-12-01,211.445,213.168,4.21,3.0,4.1,102.3074,5.0,96.996,17.69,91.73
2008-01-01,212.174,213.771,3.5,2.75,3.74,102.1686,5.0,96.98,17.73,92.95
2008-02-01,212.687,213.939,2.96,2.12,3.74,101.7673,4.9,96.644,17.8,95.35
2008-03-01,213.448,214.42,2.18,1.26,3.51,101.3986,5.1,96.885,17.88,105.56
2008-04-01,213.942,214.56,2.28,1.29,3.68,100.7238,5.0,97.043,17.92,112.57
2008-05-01,215.208,214.936,2.05,1.73,3.88,100.1399,5.4,97.223,17.98,125.39
2008-06-01,217.463,215.424,1.97,1.86,4.1,99.9141,5.6,97.044,18.03,133.93
2008-07-01,219.016,215.965,2.08,1.63,4.01,99.4943,5.8,96.576,18.1,133.44
2008-08-01,218.69,216.393,1.99,1.72,3.89,97.9367,6.1,96.565,18.18,116.61
2008-09-01,218.877,216.713,1.54,1.13,3.69,93.6585,6.1,95.923,18.2,103.9
2008-10-01,216.995,216.788,0.82,0.67,3.81,94.5845,6.5,95.776,18.25,76.65
2008-11-01,213.153,216.947,0.56,0.19,3.53,93.3455,6.8,95.482,18.31,57.44
2008-12-01,211.398,216.925,0.1,0.03,2.42,90.7183,7.3,95.205,18.38,41.02
2009-01-01,211.933,217.346,0.19,0.13,2.52,88.4683,7.8,95.637,18.4,41.74
2009-02-01,212.705,217.792,0.2,0.3,2.87,87.936,8.3,95.246,18.44,39.16
2009-03-01,212.495,218.253,0.17,0.21,2.82,86.5503,8.7,94.852,18.5,47.98
2009-04-01,212.709,218.706,0.17,0.16,2.93,85.8598,9.0,94.711,18.52,49.79
2009-05-01,213.022,218.904,0.17,0.18,3.29,84.9991,9.4,94.797,18.53,59.16
2009-06-01,214.79,219.112,0.24,0.18,3.72,84.7277,9.5,94.823,18.56,69.68
2009-07-01,214.726,219.263,0.15,0.18,3.56,85.7091,9.5,95.139,18.59,64.09
2009-08-01,215.445,219.496,0.16,0.17,3.59,86.6333,9.6,95.995,18.67,71.06
2009-09-01,215.861,219.92,0.12,0.12,3.4,87.3615,9.8,95.109,18.7,69.46
2009-10-01,216.509,220.501,0.11,0.07,3.39,87.5488,10.0,95.217,18.74,75.82
2009-11-01,217.234,220.666,0.11,0.05,3.4,87.9144,9.9,95.065,18.8,78.08
2009-12-01,217.347,220.881,0.11,0.05,3.59,88.2318,9.9,95.646,18.83,74.3
2010-01-01,217.488,220.633,0.12,0.06,3.73,89.1936,9.8,95.471,18.88,78.22
2010-02-01,217.281,220.731,0.12,0.11,3.69,89.5089,9.8,95.828,18.91,76.42
2010-03-01,217.353,220.783,0.16,0.15,3.73,90.1449,9.9,96.286,18.91,81.24
2010-04-01,217.403,220.822,0.2,0.16,3.85,90.474,9.9,96.483,18.96,84.48
2010-05-01,217.29,220.962,0.2,0.16,3.42,91.7131,9.6,96.723,19.01,73.84
2010-06-01,217.199,221.194,0.15,0.12,3.2,91.9287,9.4,96.958,19.02,75.35
2010-07-01,217.605,221.363,0.19,0.16,3.01,92.2737,9.4,97.224,19.04,76.37
2010-08-01,217.923,221.509,0.19,0.16,2.7,92.615,9.5,97.459,19.11,76.82
2010-09-01,218.275,221.711,0.2,0.15,2.65,92.8668,9.5,97.551,19.11,75.31
2010-10-01,219.035,221.83,0.19,0.13,2.54,92.6138,9.4,97.799,19.2,81.9
2010-11-01,219.59,222.149,0.2,0.14,2.76,92.6772,9.8,98.048,19.21,84.14
2010-12-01,220.472,222.343,0.19,0.14,3.29,93.5741,9.3,98.178,19.22,89.04
2011-01-01,221.187,222.803,0.17,0.15,3.39,93.3793,9.1,98.287,19.32,89.42
2011-02-01,221.898,223.213,0.15,0.13,3.58,93.0051,9.0,98.26,19.31,89.58
2011-03-01,223.046,223.454,0.13,0.1,3.41,93.978,9.0,98.6,19.31,102.94
2011-04-01,224.093,223.727,0.1,0.06,3.46,93.6525,9.1,98.484,19.36,110.04
2011-05-01,224.806,224.175,0.1,0.04,3.17,93.7878,9.0,98.37,19.41,101.33
2011-06-01,224.806,224.697,0.08,0.04,3.0,94.0378,9.1,98.598,19.41,96.29
2011-07-01,225.395,225.218,0.06,0.04,3.0,94.5146,9.0,98.77,19.47,97.19
2011-08-01,226.106,225.862,0.09,0.02,2.3,95.1263,9.0,98.709,19.47,86.33
2011-09-01,226.597,226.118,0.08,0.01,1.98,95.0732,9.0,98.872,19.48,85.61
2011-10-01,226.75,226.506,0.07,0.02,2.15,95.7291,8.8,99.05,19.56,86.41
2011-11-01,227.169,226.899,0.08,0.01,2.01,95.7455,8.6,98.884,19.56,97.21
2011-12-01,227.223,227.405,0.08,0.01,1.98,96.2147,8.5,98.928,19.56,98.57
2012-01-01,227.842,227.877,0.09,0.03,1.97,96.8051,8.3,99.311,19.59,100.24
2012-02-01,228.329,228.034,0.09,0.09,1.97,97.1033,8.3,99.912,19.59,102.25
2012-03-01,228.807,228.478,0.14,0.08,2.17,96.5973,8.2,99.781,19.64,106.19
2012-04-01,229.187,228.905,0.13,0.08,2.05,97.3006,8.2,99.874,19.68,103.33
2012-05-01,228.713,229.224,0.15,0.09,1.8,97.5046,8.2,99.88,19.68,94.7
2012-06-01,228.524,229.623,0.17,0.09,1.62,97.4903,8.2,99.776,19.72,82.41
2012-07-01,228.59,229.97,0.14,0.1,1.53,97.7234,8.2,99.985,19.74,87.93
2012-08-01,229.918,230.233,0.13,0.1,1.68,97.313,8.1,100.005,19.74,94.16
2012-09-01,231.015,230.659,0.15,0.11,1.72,97.2405,7.8,100.146,19.78,94.72
2012-10-01,231.638,231.024,0.17,0.1,1.75,97.561,7.8,100.139,19.79,89.57
2012-11-01,231.249,231.33,0.16,0.09,1.65,97.9589,7.7,100.575,19.84,86.66
2012-12-01,231.221,231.725,0.17,0.07,1.72,98.2061,7.9,100.617,19.9,88.25
2013-01-01,231.679,232.229,0.14,0.07,1.91,98.199,8.0,101.002,19.94,94.69
2013-02-01,232.937,232.569,0.15,0.1,1.98,98.6835,7.7,100.96,19.99,95.32
2013-03-01,232.282,232.794,0.15,0.09,1.96,99.0994,7.5,100.974,20.01,93.05
2013-04-01,231.797,232.832,0.15,0.06,1.76,98.9898,7.6,100.967,20.04,92.07
2013-05-01,231.893,232.996,0.09,0.04,1.93,99.0782,7.5,101.221,20.05,94.8
2013-06-01,232.445,233.35,0.1,0.05,2.3,99.2141,7.5,101.214,20.12,95.8
2013-07-01,232.9,233.88,0.09,0.04,2.58,98.9132,7.3,101.34,20.14,104.61
2013-08-01,233.456,234.336,0.08,0.04,2.74,99.4891,7.2,101.453,20.17,106.57
2013-09-01,233.544,234.7,0.08,0.02,2.81,100.0172,7.2,101.743,20.23,106.29
2013-10-01,233.669,234.921,0.08,0.05,2.62,99.9038,7.2,102.028,20.25,100.54
2013-11-01,234.1,235.359,0.09,0.07,2.72,100.1479,6.9,102.456,20.31,93.86
2013-12-01,234.719,235.759,0.09,0.07,2.9,100.3576,6.7,102.494,20.34,97.63
2014-01-01,235.288,235.961,0.07,0.04,2.86,99.9828,6.6,102.169,20.39,94.62
2014-02-01,235.547,236.185,0.07,0.05,2.71,100.7485,6.7,102.742,20.5,100.82
2014-03-01,236.028,236.625,0.08,0.05,2.72,101.7391,6.7,103.243,20.5,100.8
2014-04-01,236.468,237.072,0.09,0.03,2.71,101.8023,6.2,103.414,20.52,102.07
2014-05-01,236.918,237.529,0.09,0.03,2.56,102.2116,6.3,103.598,20.54,102.18
2014-06-01,237.231,237.837,0.1,0.04,2.6,102.5637,6.1,104.004,20.57,105.79
2014-07-01,237.498,238.195,0.09,0.03,2.54,102.8425,6.2,104.209,20.61,103.59
2014-08-01,237.46,238.405,0.09,0.03,2.42,102.6499,6.1,104.92,20.67,96.54
2014-09-01,237.477,238.786,0.09,0.02,2.53,102.9647,5.9,104.946,20.67,93.21
2014-10-01,237.43,239.191,0.09,0.02,2.3,102.9704,5.7,105.593,20.7,84.4
2014-11-01,236.983,239.458,0.1,0.02,2.33,103.6017,5.8,105.874,20.76,75.79
2014-12-01,236.252,239.584,0.12,0.03,2.21,103.592,5.6,106.118,20.7,59.29
2015-01-01,234.747,239.811,0.12,0.03,1.88,102.798,5.7,106.335,20.8,47.22
2015-02-01,235.342,240.172,0.12,0.02,1.98,102.1554,5.5,106.571,20.8,50.58
2015-03-01,235.976,240.755,0.12,0.03,2.04,101.8077,5.4,106.798,20.88,47.82
2015-04-01,236.222,241.346,0.13,0.02,1.94,101.2285,5.4,107.052,20.91,54.45
2015-05-01,237.001,241.688,0.13,0.02,2.2,100.7536,5.6,107.351,20.99,59.27
2015-06-01,237.657,242.064,0.13,0.02,2.36,100.4529,5.3,107.465,21.01,59.82
2015-07-01,238.034,242.565,0.13,0.03,2.32,101.11,5.2,107.878,21.03,50.9
2015-08-01,238.033,242.817,0.15,0.07,2.17,100.8802,5.1,108.155,21.08,42.87
2015-09-01,237.498,243.316,0.12,0.02,2.17,100.608,5.0,108.29,21.11,45.48
2015-10-01,237.733,243.768,0.12,0.02,2.07,100.151,5.0,108.358,21.19,46.22
2015-11-01,238.017,244.241,0.12,0.12,2.26,99.3817,5.1,108.6,21.2,42.44
2015-12-01,237.761,244.547,0.36,0.23,2.24,98.8572,5.0,108.998,21.24,37.19
2016-01-01,237.652,244.955,0.38,0.26,2.09,99.4086,4.8,109.11,21.31,31.68
2016-02-01,237.336,245.51,0.38,0.31,1.78,98.8946,4.9,109.83,21.34,30.32
2016-03-01,238.08,245.913,0.37,0.29,1.89,98.1385,5.0,109.405,21.4,37.55
2016-04-01,238.992,246.551,0.37,0.23,1.81,98.4364,5.1,109.735,21.46,40.75
2016-05-01,239.557,247.137,0.37,0.27,1.81,98.2096,4.8,109.908,21.47,46.71
2016-06-01,240.222,247.54,0.4,0.27,1.64,98.6766,4.9,110.371,21.53,48.76
2016-07-01,240.101,247.829,0.4,0.3,1.5,98.8371,4.8,110.49,21.58,44.65
2016-08-01,240.545,248.423,0.39,0.3,1.56,98.7302,4.9,110.578,21.6,44.72
2016-09-01,241.176,248.842,0.4,0.29,1.63,98.6287,5.0,110.88,21.64,45.18
2016-10-01,241.741,249.142,0.41,0.33,1.76,98.7126,4.9,110.82,21.71,49.78
2016-11-01,242.026,249.481,0.4,0.45,2.14,98.3004,4.7,110.999,21.72,45.66
2016-12-01,242.637,249.92,0.66,0.51,2.49,98.9063,4.7,111.738,21.77,51.97
2017-01-01,243.618,250.467,0.66,0.51,2.43,98.7349,4.7,111.816,21.81,52.5
2017-02-01,244.006,250.998,0.66,0.52,2.42,98.4178,4.6,111.801,21.87,53.47
2017-03-01,243.892,250.944,0.91,0.74,2.48,99.0726,4.4,112.298,21.88,49.33
2017-04-01,244.193,251.227,0.91,0.8,2.3,100.0545,4.4,112.264,21.93,51.06
2017-05-01,244.004,251.43,0.9,0.89,2.3,100.139,4.4,112.326,21.96,48.48
2017-06-01,244.163,251.746,1.16,0.98,2.19,100.3148,4.3,112.669,22.02,45.18
2017-07-01,244.243,251.985,1.16,1.07,2.32,100.1418,4.3,112.839,22.07,46.63
2017-08-01,245.183,252.535,1.16,1.01,2.21,99.6878,4.4,112.919,22.1,48.04
2017-09-01,246.435,252.812,1.16,1.03,2.2,99.7829,4.3,113.512,22.18,49.82
2017-10-01,246.626,253.526,1.16,1.07,2.36,101.0401,4.2,113.598,22.17,51.58
2017-11-01,247.284,253.816,1.16,1.23,2.35,101.226,4.2,114.228,22.23,56.64
2017-12-01,247.805,254.344,1.42,1.32,2.4,101.3878,4.1,115.155,22.3,57.88
2018-01-01,248.743,255.072,1.41,1.41,2.58,101.345,4.0,114.908,22.39,63.7
2018-02-01,249.439,255.568,1.41,1.57,2.86,101.7068,4.1,114.964,22.42,62.23
2018-03-01,249.581,256.128,1.68,1.7,2.84,102.2785,4.0,115.364,22.5,62.73
2018-04-01,250.146,256.603,1.7,1.76,2.87,103.434,4.0,115.615,22.53,66.25
2018-05-01,250.779,257.151,1.7,1.86,2.98,102.4735,3.8,115.965,22.59,69.98
2018-06-01,251.118,257.449,1.92,1.9,2.91,103.2508,4.0,116.166,22.66,67.87
2018-07-01,251.323,257.848,1.91,1.96,2.89,103.4588,3.8,116.493,22.7,70.98
2018-08-01,251.749,258.028,1.92,2.03,2.89,104.1802,3.8,116.81,22.78,68.06
2018-09-01,252.239,258.505,1.92,2.13,3.0,104.1665,3.7,116.655,22.85,70.23
2018-10-01,252.862,258.997,2.2,2.25,3.15,104.0476,3.8,117.149,22.9,70.75
2018-11-01,252.657,259.455,2.2,2.33,3.12,103.9603,3.8,117.634,22.99,56.96
2018-12-01,252.551,259.934,2.4,2.37,2.83,103.869,3.9,116.705,23.1,49.52
2019-01-01,252.47,260.534,2.4,2.37,2.71,103.2684,4.0,117.039,23.14,51.38
2019-02-01,253.135,260.885,2.4,2.39,2.68,102.8157,3.8,117.056,23.22,54.95
2019-03-01,254.273,261.382,2.41,2.4,2.57,102.9,3.8,117.729,23.31,58.15
2019-04-01,255.163,261.958,2.44,2.38,2.53,102.3826,3.6,117.688,23.32,63.86
2019-05-01,255.325,262.321,2.38,2.35,2.4,102.5756,3.7,118.015,23.39,60.83
2019-06-01,255.361,262.945,2.38,2.17,2.07,102.5928,3.6,118.378,23.46,54.66
2019-07-01,255.9,263.491,2.4,2.1,2.06,102.2012,3.7,118.798,23.54,57.35
2019-08-01,256.179,264.135,2.12,1.95,1.63,102.9086,3.7,119.075,23.62,54.81
2019-09-01,256.596,264.588,1.9,1.89,1.7,102.579,3.5,119.194,23.68,56.95
2019-10-01,257.305,265.019,1.83,1.65,1.71,101.7775,3.6,119.315,23.75,53.96
2019-11-01,257.788,265.461,1.55,1.54,1.81,102.0979,3.6,119.755,23.81,57.03
2019-12-01,258.263,265.742,1.55,1.54,1.86,101.7632,3.6,120.083,23.84,59.88
2020-01-01,258.682,266.418,1.55,1.52,1.76,101.303,3.5,120.183,23.91,57.52
2020-02-01,259.007,267.083,1.58,1.52,1.5,101.7038,3.5,120.514,24.03,50.54
2020-03-01,258.165,266.916,0.15,0.29,0.87,97.8746,4.4,112.784,24.19,29.21
2020-04-01,256.094,265.771,0.04,0.14,0.66,84.959,14.7,99.234,25.12,16.55
2020-05-01,255.944,265.606,0.05,0.13,0.67,86.3345,13.2,107.723,24.98,28.56
2020-06-01,257.217,266.088,0.09,0.16,0.73,91.7523,11.0,113.947,24.79,38.31
2020-07-01,258.543,267.552,0.09,0.13,0.62,95.2439,10.2,115.993,24.7,40.71
2020-08-01,259.58,268.662,0.09,0.1,0.65,96.1173,8.4,116.634,24.81,42.34
2020-09-01,260.19,269.152,0.09,0.11,0.68,96.0711,7.9,118.291,24.8,39.63
2020-10-01,260.352,269.332,0.09,0.1,0.79,96.825,6.9,118.601,24.84,39.4
2020-11-01,260.721,269.816,0.08,0.09,0.87,97.1183,6.7,118.057,24.92,40.94
2020-12-01,261.564,269.984,0.09,0.09,0.93,98.138,6.7,117.633,25.18,47.02
2021-01-01,262.2,270.114,0.08,0.08,1.08,99.2645,6.3,120.091,25.18,52.0
2021-02-01,263.346,270.522,0.07,0.04,1.26,96.2231,6.2,118.979,25.26,59.04
2021-03-01,265.028,271.347,0.07,0.03,1.61,98.8621,6.1,124.459,25.35,62.33
2021-04-01,266.727,273.669,0.07,0.02,1.64,99.0246,6.1,124.536,25.49,61.72
2021-05-01,268.599,275.715,0.06,0.02,1.62,99.7785,5.8,124.34,25.67,65.17
2021-06-01,270.955,277.922,0.1,0.04,1.52,100.1923,5.9,125.159,25.81,71.38
2021-07-01,272.184,278.794,0.1,0.05,1.32,100.8724,5.4,125.121,25.96,72.49
2021-08-01,273.092,279.306,0.09,0.05,1.28,100.837,5.2,125.547,26.1,67.73
2021-09-01,274.214,280.017,0.08,0.04,1.37,99.8498,4.8,126.102,26.26,71.65
2021-10-01,276.59,281.705,0.08,0.05,1.58,101.3602,4.5,126.965,26.42,81.48
2021-11-01,278.524,283.179,0.08,0.05,1.56,101.961,4.2,126.834,26.55,79.15
2021-12-01,280.126,284.77,0.08,0.06,1.47,101.7587,3.9,125.88,26.74,71.71
2022-01-01,281.933,286.431,0.08,0.15,1.76,102.146,4.0,126.76,26.87,83.22
2022-02-01,284.182,287.878,0.08,0.33,1.93,102.8987,3.8,126.911,26.95,91.64
2022-03-01,287.708,288.811,0.33,0.44,2.13,103.5717,3.6,127.281,27.06,108.5
2022-04-01,288.663,290.455,0.33,0.76,2.75,104.2709,3.6,127.483,27.18,101.78
2022-05-01,291.474,292.289,0.83,0.98,2.9,104.1646,3.6,127.57,27.32,109.55
2022-06-01,295.328,294.354,1.58,1.49,3.14,103.9464,3.6,127.83,27.45,114.84
2022-07-01,295.271,295.275,1.58,2.23,2.9,104.4824,3.5,127.824,27.57,101.62
2022-08-01,295.62,296.95,2.33,2.63,2.9,104.4696,3.7,128.437,27.67,93.67
2022-09-01,296.761,298.66,3.08,3.13,3.52,104.8292,3.5,128.769,27.78,84.26
2022-10-01,298.062,299.471,3.08,3.72,3.98,104.7972,3.7,129.392,27.89,87.55
2022-11-01,298.349,300.066,3.83,4.15,3.89,104.1863,3.6,129.4,28.01,84.37
2022-12-01,298.112,300.974,4.33,4.25,3.62,103.4332,3.5,,28.07,76.44
